id,domain,js_url,sha1,rule_id,excerpt,ts
1,leetcode.com,https://leetcode.com/static/webpack_bundles/vendor-libs.5c1c67dab.js,45e7f895f16c50d40fbc8fc77f3a77129a22973e,generic_token,"key:""com****************",2025-08-21 23:49:51.566691
2,leetcode.com,https://leetcode.com/static/webpack_bundles/vendor-libs.5c1c67dab.js,45e7f895f16c50d40fbc8fc77f3a77129a22973e,generic_token,"key:""co****************",2025-08-21 23:49:51.56896
3,leetcode.com,https://leetcode.com/static/webpack_bundles/vendor-libs.5c1c67dab.js,45e7f895f16c50d40fbc8fc77f3a77129a22973e,generic_token,"key:""compo*********************",2025-08-21 23:49:51.569675
4,leetcode.com,https://leetcode.com/static/webpack_bundles/vendor-libs.5c1c67dab.js,45e7f895f16c50d40fbc8fc77f3a77129a22973e,generic_token,"key:""se***************",2025-08-21 23:49:51.570285
5,leetcode.com,https://leetcode.com/static/webpack_bundles/vendor-libs.5c1c67dab.js,45e7f895f16c50d40fbc8fc77f3a77129a22973e,generic_token,"key:""ha***************",2025-08-21 23:49:51.581915
6,leetcode.com,https://leetcode.com/static/webpack_bundles/vendor-libs.5c1c67dab.js,45e7f895f16c50d40fbc8fc77f3a77129a22973e,generic_token,"key:""ha***************",2025-08-21 23:49:51.582682
7,leetcode.com,https://leetcode.com/static/webpack_bundles/vendor-libs.5c1c67dab.js,45e7f895f16c50d40fbc8fc77f3a77129a22973e,generic_token,"key:""han******************",2025-08-21 23:49:51.583421
8,leetcode.com,https://leetcode.com/static/webpack_bundles/vendor-libs.5c1c67dab.js,45e7f895f16c50d40fbc8fc77f3a77129a22973e,generic_token,"key:""ha***************",2025-08-21 23:49:51.584049
9,leetcode.com,https://leetcode.com/static/webpack_bundles/vendor-libs.5c1c67dab.js,45e7f895f16c50d40fbc8fc77f3a77129a22973e,generic_token,"key:""re***************",2025-08-21 23:49:51.584655
10,leetcode.com,https://leetcode.com/static/webpack_bundles/vendor-libs.5c1c67dab.js,45e7f895f16c50d40fbc8fc77f3a77129a22973e,generic_token,"key:""com****************",2025-08-21 23:49:51.585371
11,leetcode.com,https://leetcode.com/static/webpack_bundles/vendor-libs.5c1c67dab.js,45e7f895f16c50d40fbc8fc77f3a77129a22973e,generic_token,"key:""co****************",2025-08-21 23:49:51.586001
12,leetcode.com,https://leetcode.com/static/webpack_bundles/vendor-libs.5c1c67dab.js,45e7f895f16c50d40fbc8fc77f3a77129a22973e,generic_token,"key:""compo*********************",2025-08-21 23:49:51.586616
13,leetcode.com,https://leetcode.com/static/webpack_bundles/vendor-libs.5c1c67dab.js,45e7f895f16c50d40fbc8fc77f3a77129a22973e,generic_token,"key:""com****************",2025-08-21 23:49:51.587262
14,leetcode.com,https://leetcode.com/static/webpack_bundles/vendor-libs.5c1c67dab.js,45e7f895f16c50d40fbc8fc77f3a77129a22973e,generic_token,"key:""com******************",2025-08-21 23:49:51.587921
15,leetcode.com,https://leetcode.com/static/webpack_bundles/vendor-libs.5c1c67dab.js,45e7f895f16c50d40fbc8fc77f3a77129a22973e,generic_token,"key:""togg********************",2025-08-21 23:49:51.588523
16,leetcode.com,https://leetcode.com/static/webpack_bundles/vendor-libs.5c1c67dab.js,45e7f895f16c50d40fbc8fc77f3a77129a22973e,generic_token,"key:""han****************",2025-08-21 23:49:51.589071
17,leetcode.com,https://leetcode.com/static/webpack_bundles/vendor-libs.5c1c67dab.js,45e7f895f16c50d40fbc8fc77f3a77129a22973e,generic_token,"key:""ha***************",2025-08-21 23:49:51.589636
18,leetcode.com,https://leetcode.com/static/webpack_bundles/vendor-libs.5c1c67dab.js,45e7f895f16c50d40fbc8fc77f3a77129a22973e,generic_token,"key:""hand*********************",2025-08-21 23:49:51.590114
19,leetcode.com,https://leetcode.com/static/webpack_bundles/vendor-libs.5c1c67dab.js,45e7f895f16c50d40fbc8fc77f3a77129a22973e,generic_token,"key:""hand*******************",2025-08-21 23:49:51.590618
20,leetcode.com,https://leetcode.com/static/webpack_bundles/vendor-libs.5c1c67dab.js,45e7f895f16c50d40fbc8fc77f3a77129a22973e,generic_token,"key:""hand******************",2025-08-21 23:49:51.591136
21,leetcode.com,https://leetcode.com/static/webpack_bundles/vendor-libs.5c1c67dab.js,45e7f895f16c50d40fbc8fc77f3a77129a22973e,generic_token,"key:""ha***************",2025-08-21 23:49:51.591635
22,leetcode.com,https://leetcode.com/static/webpack_bundles/vendor-libs.5c1c67dab.js,45e7f895f16c50d40fbc8fc77f3a77129a22973e,generic_token,"key:""ha****************",2025-08-21 23:49:51.592121
23,leetcode.com,https://leetcode.com/static/webpack_bundles/vendor-libs.5c1c67dab.js,45e7f895f16c50d40fbc8fc77f3a77129a22973e,generic_token,"key:""hand*******************",2025-08-21 23:49:51.592586
24,leetcode.com,https://leetcode.com/static/webpack_bundles/vendor-libs.5c1c67dab.js,45e7f895f16c50d40fbc8fc77f3a77129a22973e,generic_token,"key:""ha***************",2025-08-21 23:49:51.593109
25,leetcode.com,https://leetcode.com/static/webpack_bundles/vendor-libs.5c1c67dab.js,45e7f895f16c50d40fbc8fc77f3a77129a22973e,generic_token,"key:""ha***************",2025-08-21 23:49:51.593653
26,leetcode.com,https://leetcode.com/static/webpack_bundles/vendor-libs.5c1c67dab.js,45e7f895f16c50d40fbc8fc77f3a77129a22973e,generic_token,"key:""foc*****************",2025-08-21 23:49:51.594776
27,leetcode.com,https://leetcode.com/static/webpack_bundles/vendor-libs.5c1c67dab.js,45e7f895f16c50d40fbc8fc77f3a77129a22973e,generic_token,"key:""fo****************",2025-08-21 23:49:51.595313
28,leetcode.com,https://leetcode.com/static/webpack_bundles/vendor-libs.5c1c67dab.js,45e7f895f16c50d40fbc8fc77f3a77129a22973e,generic_token,"key:""foc*****************",2025-08-21 23:49:51.595807
29,leetcode.com,https://leetcode.com/static/webpack_bundles/vendor-libs.5c1c67dab.js,45e7f895f16c50d40fbc8fc77f3a77129a22973e,generic_token,"key:""fo***************",2025-08-21 23:49:51.596291
30,leetcode.com,https://leetcode.com/static/webpack_bundles/vendor-libs.5c1c67dab.js,45e7f895f16c50d40fbc8fc77f3a77129a22973e,generic_token,"key:""foc*****************",2025-08-21 23:49:51.596814
31,leetcode.com,https://leetcode.com/static/webpack_bundles/vendor-libs.5c1c67dab.js,45e7f895f16c50d40fbc8fc77f3a77129a22973e,generic_token,"key:""ge***************",2025-08-21 23:49:51.597402
32,leetcode.com,https://leetcode.com/static/webpack_bundles/vendor-libs.5c1c67dab.js,45e7f895f16c50d40fbc8fc77f3a77129a22973e,generic_token,"key:""sel*****************",2025-08-21 23:49:51.597991
33,leetcode.com,https://leetcode.com/static/webpack_bundles/vendor-libs.5c1c67dab.js,45e7f895f16c50d40fbc8fc77f3a77129a22973e,generic_token,"key:""re****************",2025-08-21 23:49:51.59873
34,leetcode.com,https://leetcode.com/static/webpack_bundles/vendor-libs.5c1c67dab.js,45e7f895f16c50d40fbc8fc77f3a77129a22973e,generic_token,"key:""getF********************",2025-08-21 23:49:51.599358
35,leetcode.com,https://leetcode.com/static/webpack_bundles/vendor-libs.5c1c67dab.js,45e7f895f16c50d40fbc8fc77f3a77129a22973e,generic_token,"key:""co****************",2025-08-21 23:49:51.600146
36,leetcode.com,https://leetcode.com/static/webpack_bundles/vendor-libs.5c1c67dab.js,45e7f895f16c50d40fbc8fc77f3a77129a22973e,generic_token,"key:""compo*********************",2025-08-21 23:49:51.601548
37,leetcode.com,https://leetcode.com/static/webpack_bundles/vendor-libs.5c1c67dab.js,45e7f895f16c50d40fbc8fc77f3a77129a22973e,generic_token,"key:""com******************",2025-08-21 23:49:51.602113
38,leetcode.com,https://leetcode.com/static/webpack_bundles/vendor-libs.5c1c67dab.js,45e7f895f16c50d40fbc8fc77f3a77129a22973e,generic_token,"key:""co****************",2025-08-21 23:49:51.610845
39,leetcode.com,https://leetcode.com/static/webpack_bundles/vendor-libs.5c1c67dab.js,45e7f895f16c50d40fbc8fc77f3a77129a22973e,generic_token,"key:""compo*********************",2025-08-21 23:49:51.611834
40,leetcode.com,https://leetcode.com/static/webpack_bundles/vendor-libs.5c1c67dab.js,45e7f895f16c50d40fbc8fc77f3a77129a22973e,generic_token,"key:""com****************",2025-08-21 23:49:51.612478
41,leetcode.com,https://leetcode.com/static/webpack_bundles/vendor-libs.5c1c67dab.js,45e7f895f16c50d40fbc8fc77f3a77129a22973e,generic_token,"key:""com******************",2025-08-21 23:49:51.613658
42,leetcode.com,https://leetcode.com/static/webpack_bundles/vendor-libs.5c1c67dab.js,45e7f895f16c50d40fbc8fc77f3a77129a22973e,generic_token,"key:""up***************",2025-08-21 23:49:51.614241
43,leetcode.com,https://leetcode.com/static/webpack_bundles/vendor-libs.5c1c67dab.js,45e7f895f16c50d40fbc8fc77f3a77129a22973e,generic_token,"key:""co****************",2025-08-21 23:49:51.623278
44,leetcode.com,https://leetcode.com/static/webpack_bundles/vendor-libs.5c1c67dab.js,45e7f895f16c50d40fbc8fc77f3a77129a22973e,generic_token,"key:""compo*********************",2025-08-21 23:49:51.623921
45,leetcode.com,https://leetcode.com/static/webpack_bundles/vendor-libs.5c1c67dab.js,45e7f895f16c50d40fbc8fc77f3a77129a22973e,generic_token,"key:""com****************",2025-08-21 23:49:51.624535
46,leetcode.com,https://leetcode.com/static/webpack_bundles/vendor-libs.5c1c67dab.js,45e7f895f16c50d40fbc8fc77f3a77129a22973e,generic_token,"key:""is****************",2025-08-21 23:49:51.625341
47,leetcode.com,https://leetcode.com/static/webpack_bundles/vendor-libs.5c1c67dab.js,45e7f895f16c50d40fbc8fc77f3a77129a22973e,generic_token,"key:""fo****************",2025-08-21 23:49:51.627147
48,leetcode.com,https://leetcode.com/static/webpack_bundles/vendor-libs.5c1c67dab.js,45e7f895f16c50d40fbc8fc77f3a77129a22973e,generic_token,"key:""get*****************",2025-08-21 23:49:51.628684
49,leetcode.com,https://leetcode.com/static/webpack_bundles/vendor-libs.5c1c67dab.js,45e7f895f16c50d40fbc8fc77f3a77129a22973e,generic_token,"key:""ge***************",2025-08-21 23:49:51.629301
50,leetcode.com,https://leetcode.com/static/webpack_bundles/vendor-libs.5c1c67dab.js,45e7f895f16c50d40fbc8fc77f3a77129a22973e,generic_token,"key:""ge****************",2025-08-21 23:49:51.629888
51,leetcode.com,https://leetcode.com/static/webpack_bundles/vendor-libs.5c1c67dab.js,45e7f895f16c50d40fbc8fc77f3a77129a22973e,generic_token,"key:""get******************",2025-08-21 23:49:51.630467
52,leetcode.com,https://leetcode.com/static/webpack_bundles/vendor-libs.5c1c67dab.js,45e7f895f16c50d40fbc8fc77f3a77129a22973e,generic_token,"key:""co****************",2025-08-21 23:49:51.632324
53,leetcode.com,https://leetcode.com/static/webpack_bundles/vendor-libs.5c1c67dab.js,45e7f895f16c50d40fbc8fc77f3a77129a22973e,generic_token,"key:""compo*********************",2025-08-21 23:49:51.632885
54,leetcode.com,https://leetcode.com/static/webpack_bundles/vendor-libs.5c1c67dab.js,45e7f895f16c50d40fbc8fc77f3a77129a22973e,generic_token,"key:""com******************",2025-08-21 23:49:51.633362
55,leetcode.com,https://leetcode.com/static/webpack_bundles/vendor-libs.5c1c67dab.js,45e7f895f16c50d40fbc8fc77f3a77129a22973e,generic_token,"key:""ge***************",2025-08-21 23:49:51.633827
56,leetcode.com,https://leetcode.com/static/webpack_bundles/vendor-libs.5c1c67dab.js,45e7f895f16c50d40fbc8fc77f3a77129a22973e,generic_token,"key:""co****************",2025-08-21 23:49:51.634854
57,leetcode.com,https://leetcode.com/static/webpack_bundles/vendor-libs.5c1c67dab.js,45e7f895f16c50d40fbc8fc77f3a77129a22973e,generic_token,"key:""com****************",2025-08-21 23:49:51.635369
58,leetcode.com,https://leetcode.com/static/webpack_bundles/vendor-libs.5c1c67dab.js,45e7f895f16c50d40fbc8fc77f3a77129a22973e,generic_token,"key:""com******************",2025-08-21 23:49:51.635852
59,leetcode.com,https://leetcode.com/static/webpack_bundles/vendor-libs.5c1c67dab.js,45e7f895f16c50d40fbc8fc77f3a77129a22973e,generic_token,"key:""co****************",2025-08-21 23:49:51.636618
60,leetcode.com,https://leetcode.com/static/webpack_bundles/vendor-libs.5c1c67dab.js,45e7f895f16c50d40fbc8fc77f3a77129a22973e,generic_token,"key:""com****************",2025-08-21 23:49:51.637243
61,leetcode.com,https://leetcode.com/static/webpack_bundles/vendor-libs.5c1c67dab.js,45e7f895f16c50d40fbc8fc77f3a77129a22973e,generic_token,"key:""com******************",2025-08-21 23:49:51.637768
62,leetcode.com,https://leetcode.com/static/webpack_bundles/vendor-libs.5c1c67dab.js,45e7f895f16c50d40fbc8fc77f3a77129a22973e,generic_token,"key:""co****************",2025-08-21 23:49:51.648199
63,leetcode.com,https://leetcode.com/static/webpack_bundles/vendor-libs.5c1c67dab.js,45e7f895f16c50d40fbc8fc77f3a77129a22973e,generic_token,"key:""com******************",2025-08-21 23:49:51.648858
64,leetcode.com,https://leetcode.com/static/webpack_bundles/vendor-libs.5c1c67dab.js,45e7f895f16c50d40fbc8fc77f3a77129a22973e,generic_token,"key:""ge****************",2025-08-21 23:49:51.649331
65,leetcode.com,https://leetcode.com/static/webpack_bundles/vendor-libs.5c1c67dab.js,45e7f895f16c50d40fbc8fc77f3a77129a22973e,generic_token,"key:""com******************",2025-08-21 23:49:51.656365
66,leetcode.com,https://leetcode.com/static/webpack_bundles/vendor-libs.5c1c67dab.js,45e7f895f16c50d40fbc8fc77f3a77129a22973e,generic_token,"key:""com****************",2025-08-21 23:49:51.65693
67,leetcode.com,https://leetcode.com/static/webpack_bundles/vendor-libs.5c1c67dab.js,45e7f895f16c50d40fbc8fc77f3a77129a22973e,generic_token,"key:""com*****************",2025-08-21 23:49:51.657381
68,leetcode.com,https://leetcode.com/static/webpack_bundles/vendor-libs.5c1c67dab.js,45e7f895f16c50d40fbc8fc77f3a77129a22973e,generic_token,"key:""com****************",2025-08-21 23:49:51.657819
69,leetcode.com,https://leetcode.com/static/webpack_bundles/vendor-libs.5c1c67dab.js,45e7f895f16c50d40fbc8fc77f3a77129a22973e,generic_token,"key:""ge***************",2025-08-21 23:49:51.660009
70,leetcode.com,https://leetcode.com/static/webpack_bundles/vendor-libs.5c1c67dab.js,45e7f895f16c50d40fbc8fc77f3a77129a22973e,generic_token,"key:""on***************",2025-08-21 23:49:51.66079
71,leetcode.com,https://leetcode.com/static/webpack_bundles/vendor-libs.5c1c67dab.js,45e7f895f16c50d40fbc8fc77f3a77129a22973e,generic_token,"key:""re****************",2025-08-21 23:49:51.66136
72,leetcode.com,https://leetcode.com/static/webpack_bundles/vendor-libs.5c1c67dab.js,45e7f895f16c50d40fbc8fc77f3a77129a22973e,generic_token,"key:""res****************",2025-08-21 23:49:51.661835
73,leetcode.com,https://leetcode.com/static/webpack_bundles/vendor-libs.5c1c67dab.js,45e7f895f16c50d40fbc8fc77f3a77129a22973e,generic_token,"key:""compo*********************",2025-08-21 23:49:51.676186
74,leetcode.com,https://leetcode.com/static/webpack_bundles/common-libs.dcb3a3453.js,1ff46fb3142322654309473be389d285fd27ee81,google_api_key,AIzaSyBFw0Qb***************************,2025-08-21 23:49:51.846961
75,leetcode.com,https://leetcode.com/static/webpack_bundles/common-libs.dcb3a3453.js,1ff46fb3142322654309473be389d285fd27ee81,google_api_key,AIzaSyBFw0Qb***************************,2025-08-21 23:49:51.848212
76,leetcode.com,https://leetcode.com/static/webpack_bundles/common-libs.dcb3a3453.js,1ff46fb3142322654309473be389d285fd27ee81,generic_token,key=AIzaSyBFw******************************,2025-08-21 23:49:51.8573
77,leetcode.com,https://leetcode.com/static/webpack_bundles/common-libs.dcb3a3453.js,1ff46fb3142322654309473be389d285fd27ee81,generic_token,key=AIzaSyBFw******************************,2025-08-21 23:49:51.85819
78,leetcode.com,https://leetcode.com/static/webpack_bundles/common-libs.dcb3a3453.js,1ff46fb3142322654309473be389d285fd27ee81,generic_token,"key:""co****************",2025-08-21 23:49:51.862389
79,leetcode.com,https://leetcode.com/static/webpack_bundles/common-libs.dcb3a3453.js,1ff46fb3142322654309473be389d285fd27ee81,generic_token,"key:""com****************",2025-08-21 23:49:51.863264
80,leetcode.com,https://leetcode.com/static/webpack_bundles/common-libs.dcb3a3453.js,1ff46fb3142322654309473be389d285fd27ee81,generic_token,"key:""com******************",2025-08-21 23:49:51.864159
81,leetcode.com,https://leetcode.com/static/webpack_bundles/common-libs.dcb3a3453.js,1ff46fb3142322654309473be389d285fd27ee81,generic_token,"key:""get*****************",2025-08-21 23:49:51.883725
82,leetcode.com,https://leetcode.com/static/webpack_bundles/common-libs.dcb3a3453.js,1ff46fb3142322654309473be389d285fd27ee81,generic_token,"key:""un***************",2025-08-21 23:49:51.884647
83,leetcode.com,https://leetcode.com/static/webpack_bundles/common-libs.dcb3a3453.js,1ff46fb3142322654309473be389d285fd27ee81,generic_token,"key:""req*****************",2025-08-21 23:49:51.885414
84,leetcode.com,https://leetcode.com/static/webpack_bundles/common-libs.dcb3a3453.js,1ff46fb3142322654309473be389d285fd27ee81,generic_token,"key:""ov***************",2025-08-21 23:49:51.886624
85,leetcode.com,https://leetcode.com/static/webpack_bundles/common-libs.dcb3a3453.js,1ff46fb3142322654309473be389d285fd27ee81,generic_token,"key:""ad***************",2025-08-21 23:49:51.887679
86,leetcode.com,https://leetcode.com/static/webpack_bundles/common-libs.dcb3a3453.js,1ff46fb3142322654309473be389d285fd27ee81,generic_token,"key:""rem*****************",2025-08-21 23:49:51.888405
87,leetcode.com,https://leetcode.com/static/webpack_bundles/common-libs.dcb3a3453.js,1ff46fb3142322654309473be389d285fd27ee81,generic_token,"key:""co****************",2025-08-21 23:49:51.89659
88,leetcode.com,https://leetcode.com/static/webpack_bundles/common-libs.dcb3a3453.js,1ff46fb3142322654309473be389d285fd27ee81,generic_token,"key:""compo*********************",2025-08-21 23:49:51.897577
89,leetcode.com,https://leetcode.com/static/webpack_bundles/common-libs.dcb3a3453.js,1ff46fb3142322654309473be389d285fd27ee81,generic_token,"key:""com******************",2025-08-21 23:49:51.898341
90,leetcode.com,https://leetcode.com/static/webpack_bundles/common-libs.dcb3a3453.js,1ff46fb3142322654309473be389d285fd27ee81,generic_token,"key:""co****************",2025-08-21 23:49:51.89927
91,leetcode.com,https://leetcode.com/static/webpack_bundles/common-libs.dcb3a3453.js,1ff46fb3142322654309473be389d285fd27ee81,generic_token,"key:""com******************",2025-08-21 23:49:51.900077
92,leetcode.com,https://leetcode.com/static/webpack_bundles/common-libs.dcb3a3453.js,1ff46fb3142322654309473be389d285fd27ee81,generic_token,"key:""wr***************",2025-08-21 23:49:51.90386
93,leetcode.com,https://leetcode.com/static/webpack_bundles/new-libs.10311b540.js,74b05ee07604caa8395cca52e987aa2d950f0370,generic_token,"key:""ge****************",2025-08-21 23:49:52.42654
94,leetcode.com,https://leetcode.com/static/webpack_bundles/new-libs.10311b540.js,74b05ee07604caa8395cca52e987aa2d950f0370,generic_token,"key:""shou******************",2025-08-21 23:49:52.428905
95,leetcode.com,https://leetcode.com/static/webpack_bundles/new-libs.10311b540.js,74b05ee07604caa8395cca52e987aa2d950f0370,generic_token,"key:""get****************",2025-08-21 23:49:52.433385
96,leetcode.com,https://leetcode.com/static/webpack_bundles/new-libs.10311b540.js,74b05ee07604caa8395cca52e987aa2d950f0370,generic_token,"key:""re***************",2025-08-21 23:49:52.434268
97,leetcode.com,https://leetcode.com/static/webpack_bundles/new-libs.10311b540.js,74b05ee07604caa8395cca52e987aa2d950f0370,generic_token,"key:""getD*********************",2025-08-21 23:49:52.438764
98,leetcode.com,https://leetcode.com/static/webpack_bundles/new-libs.10311b540.js,74b05ee07604caa8395cca52e987aa2d950f0370,generic_token,"key:""getD*********************",2025-08-21 23:49:52.440631
99,leetcode.com,https://leetcode.com/static/webpack_bundles/new-libs.10311b540.js,74b05ee07604caa8395cca52e987aa2d950f0370,generic_token,"key:""shou******************",2025-08-21 23:49:52.441388
100,leetcode.com,https://leetcode.com/static/webpack_bundles/new-libs.10311b540.js,74b05ee07604caa8395cca52e987aa2d950f0370,generic_token,"key:""shou******************",2025-08-21 23:49:52.446065
101,leetcode.com,https://leetcode.com/static/webpack_bundles/new-libs.10311b540.js,74b05ee07604caa8395cca52e987aa2d950f0370,generic_token,"key:""cal*****************",2025-08-21 23:49:52.450382
102,leetcode.com,https://leetcode.com/static/webpack_bundles/new-libs.10311b540.js,74b05ee07604caa8395cca52e987aa2d950f0370,generic_token,"key:""ren****************",2025-08-21 23:49:52.451122
103,leetcode.com,https://leetcode.com/static/webpack_bundles/new-libs.10311b540.js,74b05ee07604caa8395cca52e987aa2d950f0370,generic_token,"key:""ren*****************",2025-08-21 23:49:52.452134
104,leetcode.com,https://leetcode.com/static/webpack_bundles/new-libs.10311b540.js,74b05ee07604caa8395cca52e987aa2d950f0370,generic_token,"key:""ge****************",2025-08-21 23:49:52.45289
105,leetcode.com,https://leetcode.com/static/webpack_bundles/new-libs.10311b540.js,74b05ee07604caa8395cca52e987aa2d950f0370,generic_token,"key:""is****************",2025-08-21 23:49:52.466785
106,leetcode.com,https://leetcode.com/static/webpack_bundles/new-libs.10311b540.js,74b05ee07604caa8395cca52e987aa2d950f0370,generic_token,"key:""isAn******************",2025-08-21 23:49:52.467639
107,leetcode.com,https://leetcode.com/static/webpack_bundles/new-libs.10311b540.js,74b05ee07604caa8395cca52e987aa2d950f0370,generic_token,"key:""isAn*******************",2025-08-21 23:49:52.468382
108,leetcode.com,https://leetcode.com/static/webpack_bundles/new-libs.10311b540.js,74b05ee07604caa8395cca52e987aa2d950f0370,generic_token,"key:""ri***************",2025-08-21 23:49:52.469116
109,leetcode.com,https://leetcode.com/static/webpack_bundles/new-libs.10311b540.js,74b05ee07604caa8395cca52e987aa2d950f0370,generic_token,"key:""co****************",2025-08-21 23:49:52.47014
110,leetcode.com,https://leetcode.com/static/webpack_bundles/new-libs.10311b540.js,74b05ee07604caa8395cca52e987aa2d950f0370,generic_token,"key:""com******************",2025-08-21 23:49:52.470825
111,leetcode.com,https://leetcode.com/static/webpack_bundles/new-libs.10311b540.js,74b05ee07604caa8395cca52e987aa2d950f0370,generic_token,"key:""get****************",2025-08-21 23:49:52.471553
112,leetcode.com,https://leetcode.com/static/webpack_bundles/new-libs.10311b540.js,74b05ee07604caa8395cca52e987aa2d950f0370,generic_token,"key:""get******************",2025-08-21 23:49:52.472293
113,leetcode.com,https://leetcode.com/static/webpack_bundles/new-libs.10311b540.js,74b05ee07604caa8395cca52e987aa2d950f0370,generic_token,"key:""restor************************",2025-08-21 23:49:52.473
114,leetcode.com,https://leetcode.com/static/webpack_bundles/new-libs.10311b540.js,74b05ee07604caa8395cca52e987aa2d950f0370,generic_token,"key:""getD*********************",2025-08-21 23:49:52.473711
115,leetcode.com,https://leetcode.com/static/webpack_bundles/new-libs.10311b540.js,74b05ee07604caa8395cca52e987aa2d950f0370,generic_token,"key:""getD*********************",2025-08-21 23:49:52.475435
116,leetcode.com,https://leetcode.com/static/webpack_bundles/new-libs.10311b540.js,74b05ee07604caa8395cca52e987aa2d950f0370,generic_token,"key:""co****************",2025-08-21 23:49:52.476112
117,leetcode.com,https://leetcode.com/static/webpack_bundles/new-libs.10311b540.js,74b05ee07604caa8395cca52e987aa2d950f0370,generic_token,"key:""co****************",2025-08-21 23:49:52.479141
118,leetcode.com,https://leetcode.com/static/webpack_bundles/new-libs.10311b540.js,74b05ee07604caa8395cca52e987aa2d950f0370,generic_token,"key:""com****************",2025-08-21 23:49:52.479967
119,leetcode.com,https://leetcode.com/static/webpack_bundles/new-libs.10311b540.js,74b05ee07604caa8395cca52e987aa2d950f0370,generic_token,"key:""com******************",2025-08-21 23:49:52.480766
120,leetcode.com,https://leetcode.com/static/webpack_bundles/new-libs.10311b540.js,74b05ee07604caa8395cca52e987aa2d950f0370,generic_token,"key:""re****************",2025-08-21 23:49:52.481473
121,leetcode.com,https://leetcode.com/static/webpack_bundles/new-libs.10311b540.js,74b05ee07604caa8395cca52e987aa2d950f0370,generic_token,"key:""se***************",2025-08-21 23:49:52.483504
122,leetcode.com,https://leetcode.com/static/webpack_bundles/new-libs.10311b540.js,74b05ee07604caa8395cca52e987aa2d950f0370,generic_token,"key:""ge***************",2025-08-21 23:49:52.484186
123,leetcode.com,https://leetcode.com/static/webpack_bundles/new-libs.10311b540.js,74b05ee07604caa8395cca52e987aa2d950f0370,generic_token,"key:""co****************",2025-08-21 23:49:52.484966
124,leetcode.com,https://leetcode.com/static/webpack_bundles/new-libs.10311b540.js,74b05ee07604caa8395cca52e987aa2d950f0370,generic_token,"key:""shou******************",2025-08-21 23:49:52.485647
125,leetcode.com,https://leetcode.com/static/webpack_bundles/new-libs.10311b540.js,74b05ee07604caa8395cca52e987aa2d950f0370,generic_token,"key:""com****************",2025-08-21 23:49:52.486312
126,leetcode.com,https://leetcode.com/static/webpack_bundles/new-libs.10311b540.js,74b05ee07604caa8395cca52e987aa2d950f0370,generic_token,"key:""com******************",2025-08-21 23:49:52.486982
127,leetcode.com,https://leetcode.com/static/webpack_bundles/new-libs.10311b540.js,74b05ee07604caa8395cca52e987aa2d950f0370,generic_token,"key:""getD*********************",2025-08-21 23:49:52.489646
128,leetcode.com,https://leetcode.com/static/webpack_bundles/new-libs.10311b540.js,74b05ee07604caa8395cca52e987aa2d950f0370,generic_token,"key:""co****************",2025-08-21 23:49:52.490211
129,leetcode.com,https://leetcode.com/static/webpack_bundles/new-libs.10311b540.js,74b05ee07604caa8395cca52e987aa2d950f0370,generic_token,"key:""com******************",2025-08-21 23:49:52.49098
130,leetcode.com,https://leetcode.com/static/webpack_bundles/new-libs.10311b540.js,74b05ee07604caa8395cca52e987aa2d950f0370,generic_token,"key:""co****************",2025-08-21 23:49:52.492559
131,leetcode.com,https://leetcode.com/static/webpack_bundles/new-libs.10311b540.js,74b05ee07604caa8395cca52e987aa2d950f0370,generic_token,"key:""shou******************",2025-08-21 23:49:52.493318
132,leetcode.com,https://leetcode.com/static/webpack_bundles/new-libs.10311b540.js,74b05ee07604caa8395cca52e987aa2d950f0370,generic_token,"key:""com****************",2025-08-21 23:49:52.494128
133,leetcode.com,https://leetcode.com/static/webpack_bundles/new-libs.10311b540.js,74b05ee07604caa8395cca52e987aa2d950f0370,generic_token,"key:""com******************",2025-08-21 23:49:52.494956
134,leetcode.com,https://leetcode.com/static/webpack_bundles/new-libs.10311b540.js,74b05ee07604caa8395cca52e987aa2d950f0370,generic_token,"key:""compo*********************",2025-08-21 23:49:52.496643
135,leetcode.com,https://leetcode.com/static/webpack_bundles/new-libs.10311b540.js,74b05ee07604caa8395cca52e987aa2d950f0370,generic_token,"key:""get*****************",2025-08-21 23:49:52.497462
136,leetcode.com,https://leetcode.com/static/webpack_bundles/new-libs.10311b540.js,74b05ee07604caa8395cca52e987aa2d950f0370,generic_token,"key:""get******************",2025-08-21 23:49:52.498187
137,leetcode.com,https://leetcode.com/static/webpack_bundles/new-libs.10311b540.js,74b05ee07604caa8395cca52e987aa2d950f0370,generic_token,"key:""get*****************",2025-08-21 23:49:52.498899
138,leetcode.com,https://leetcode.com/static/webpack_bundles/new-libs.10311b540.js,74b05ee07604caa8395cca52e987aa2d950f0370,generic_token,"key:""getF********************",2025-08-21 23:49:52.499686
139,leetcode.com,https://leetcode.com/static/webpack_bundles/new-libs.10311b540.js,74b05ee07604caa8395cca52e987aa2d950f0370,generic_token,"key:""getF******************",2025-08-21 23:49:52.50038
140,leetcode.com,https://leetcode.com/static/webpack_bundles/new-libs.10311b540.js,74b05ee07604caa8395cca52e987aa2d950f0370,generic_token,"key:""get*****************",2025-08-21 23:49:52.501057
141,leetcode.com,https://leetcode.com/static/webpack_bundles/new-libs.10311b540.js,74b05ee07604caa8395cca52e987aa2d950f0370,generic_token,"key:""getS********************",2025-08-21 23:49:52.501748
142,leetcode.com,https://leetcode.com/static/webpack_bundles/new-libs.10311b540.js,74b05ee07604caa8395cca52e987aa2d950f0370,generic_token,"key:""get****************",2025-08-21 23:49:52.502457
143,leetcode.com,https://leetcode.com/static/webpack_bundles/new-libs.10311b540.js,74b05ee07604caa8395cca52e987aa2d950f0370,generic_token,"key:""getF*******************",2025-08-21 23:49:52.503188
144,leetcode.com,https://leetcode.com/static/webpack_bundles/new-libs.10311b540.js,74b05ee07604caa8395cca52e987aa2d950f0370,generic_token,"key:""set****************",2025-08-21 23:49:52.503987
145,leetcode.com,https://leetcode.com/static/webpack_bundles/new-libs.10311b540.js,74b05ee07604caa8395cca52e987aa2d950f0370,generic_token,"key:""is***************",2025-08-21 23:49:52.504733
146,leetcode.com,https://leetcode.com/static/webpack_bundles/new-libs.10311b540.js,74b05ee07604caa8395cca52e987aa2d950f0370,generic_token,"key:""prep*******************",2025-08-21 23:49:52.505457
147,leetcode.com,https://leetcode.com/static/webpack_bundles/new-libs.10311b540.js,74b05ee07604caa8395cca52e987aa2d950f0370,generic_token,"key:""cr***************",2025-08-21 23:49:52.506169
148,leetcode.com,https://leetcode.com/static/webpack_bundles/new-libs.10311b540.js,74b05ee07604caa8395cca52e987aa2d950f0370,generic_token,"key:""re***************",2025-08-21 23:49:52.506871
149,leetcode.com,https://leetcode.com/static/webpack_bundles/new-libs.10311b540.js,74b05ee07604caa8395cca52e987aa2d950f0370,generic_token,"key:""ren****************",2025-08-21 23:49:52.507516
150,leetcode.com,https://leetcode.com/static/webpack_bundles/new-libs.10311b540.js,74b05ee07604caa8395cca52e987aa2d950f0370,generic_token,"key:""se***************",2025-08-21 23:49:52.508089
151,leetcode.com,https://leetcode.com/static/webpack_bundles/new-libs.10311b540.js,74b05ee07604caa8395cca52e987aa2d950f0370,generic_token,"key:""rend******************",2025-08-21 23:49:52.508907
152,leetcode.com,https://leetcode.com/static/webpack_bundles/new-libs.10311b540.js,74b05ee07604caa8395cca52e987aa2d950f0370,generic_token,"key:""re****************",2025-08-21 23:49:52.509517
153,leetcode.com,https://leetcode.com/static/webpack_bundles/new-libs.10311b540.js,74b05ee07604caa8395cca52e987aa2d950f0370,generic_token,"key:""shou******************",2025-08-21 23:49:52.510382
154,leetcode.com,https://leetcode.com/static/webpack_bundles/new-libs.10311b540.js,74b05ee07604caa8395cca52e987aa2d950f0370,generic_token,"key:""com******************",2025-08-21 23:49:52.511216
155,leetcode.com,https://leetcode.com/static/webpack_bundles/new-libs.10311b540.js,74b05ee07604caa8395cca52e987aa2d950f0370,generic_token,"key:""co****************",2025-08-21 23:49:52.512268
156,leetcode.com,https://leetcode.com/static/webpack_bundles/new-libs.10311b540.js,74b05ee07604caa8395cca52e987aa2d950f0370,generic_token,"key:""com****************",2025-08-21 23:49:52.512887
157,leetcode.com,https://leetcode.com/static/webpack_bundles/new-libs.10311b540.js,74b05ee07604caa8395cca52e987aa2d950f0370,generic_token,"key:""com******************",2025-08-21 23:49:52.513487
158,leetcode.com,https://leetcode.com/static/webpack_bundles/new-libs.10311b540.js,74b05ee07604caa8395cca52e987aa2d950f0370,generic_token,"key:""com****************",2025-08-21 23:49:52.515479
159,leetcode.com,https://leetcode.com/static/webpack_bundles/new-libs.10311b540.js,74b05ee07604caa8395cca52e987aa2d950f0370,generic_token,"key:""com******************",2025-08-21 23:49:52.516086
160,leetcode.com,https://leetcode.com/static/webpack_bundles/new-libs.10311b540.js,74b05ee07604caa8395cca52e987aa2d950f0370,generic_token,"key:""co****************",2025-08-21 23:49:52.516946
161,leetcode.com,https://leetcode.com/static/webpack_bundles/new-libs.10311b540.js,74b05ee07604caa8395cca52e987aa2d950f0370,generic_token,"key:""shou******************",2025-08-21 23:49:52.517531
162,leetcode.com,https://leetcode.com/static/webpack_bundles/new-libs.10311b540.js,74b05ee07604caa8395cca52e987aa2d950f0370,generic_token,"key:""com******************",2025-08-21 23:49:52.518113
163,leetcode.com,https://leetcode.com/static/webpack_bundles/new-libs.10311b540.js,74b05ee07604caa8395cca52e987aa2d950f0370,generic_token,"key:""func*********************",2025-08-21 23:49:52.518696
164,leetcode.com,https://leetcode.com/static/webpack_bundles/new-libs.10311b540.js,74b05ee07604caa8395cca52e987aa2d950f0370,generic_token,"key:""shou******************",2025-08-21 23:49:52.520533
165,leetcode.com,https://leetcode.com/static/webpack_bundles/new-libs.10311b540.js,74b05ee07604caa8395cca52e987aa2d950f0370,generic_token,"key:""co****************",2025-08-21 23:49:52.521457
166,leetcode.com,https://leetcode.com/static/webpack_bundles/new-libs.10311b540.js,74b05ee07604caa8395cca52e987aa2d950f0370,generic_token,"key:""com****************",2025-08-21 23:49:52.522061
167,leetcode.com,https://leetcode.com/static/webpack_bundles/new-libs.10311b540.js,74b05ee07604caa8395cca52e987aa2d950f0370,generic_token,"key:""com******************",2025-08-21 23:49:52.522657
168,leetcode.com,https://leetcode.com/static/webpack_bundles/new-libs.10311b540.js,74b05ee07604caa8395cca52e987aa2d950f0370,generic_token,"key:""co****************",2025-08-21 23:49:52.540006
169,leetcode.com,https://leetcode.com/static/webpack_bundles/new-libs.10311b540.js,74b05ee07604caa8395cca52e987aa2d950f0370,generic_token,"key:""com******************",2025-08-21 23:49:52.540901
170,leetcode.com,https://leetcode.com/static/webpack_bundles/new-libs.10311b540.js,74b05ee07604caa8395cca52e987aa2d950f0370,generic_token,"key:""com****************",2025-08-21 23:49:52.54166
171,leetcode.com,https://leetcode.com/static/webpack_bundles/new-libs.10311b540.js,74b05ee07604caa8395cca52e987aa2d950f0370,generic_token,"key:""_at******************",2025-08-21 23:49:52.542394
172,leetcode.com,https://leetcode.com/static/webpack_bundles/new-libs.10311b540.js,74b05ee07604caa8395cca52e987aa2d950f0370,generic_token,"key:""_at*****************",2025-08-21 23:49:52.543087
173,leetcode.com,https://leetcode.com/static/webpack_bundles/new-libs.10311b540.js,74b05ee07604caa8395cca52e987aa2d950f0370,generic_token,"key:""co****************",2025-08-21 23:49:52.544255
174,leetcode.com,https://leetcode.com/static/webpack_bundles/new-libs.10311b540.js,74b05ee07604caa8395cca52e987aa2d950f0370,generic_token,"key:""com****************",2025-08-21 23:49:52.54498
175,leetcode.com,https://leetcode.com/static/webpack_bundles/new-libs.10311b540.js,74b05ee07604caa8395cca52e987aa2d950f0370,generic_token,"key:""re****************",2025-08-21 23:49:52.545663
176,leetcode.com,https://leetcode.com/static/webpack_bundles/new-libs.10311b540.js,74b05ee07604caa8395cca52e987aa2d950f0370,generic_token,"key:""expa********************",2025-08-21 23:49:52.546376
177,leetcode.com,https://leetcode.com/static/webpack_bundles/new-libs.10311b540.js,74b05ee07604caa8395cca52e987aa2d950f0370,generic_token,"key:""rc-ta*********************",2025-08-21 23:49:52.547218
178,leetcode.com,https://leetcode.com/static/webpack_bundles/new-libs.10311b540.js,74b05ee07604caa8395cca52e987aa2d950f0370,generic_token,"key:""radio**********************",2025-08-21 23:49:52.551543
179,leetcode.com,https://leetcode.com/static/webpack_bundles/new-libs.10311b540.js,74b05ee07604caa8395cca52e987aa2d950f0370,generic_token,"key:""getD*********************",2025-08-21 23:49:52.552345
180,leetcode.com,https://leetcode.com/static/webpack_bundles/new-libs.10311b540.js,74b05ee07604caa8395cca52e987aa2d950f0370,generic_token,"key:""shou******************",2025-08-21 23:49:52.553121
181,leetcode.com,https://leetcode.com/static/webpack_bundles/new-libs.10311b540.js,74b05ee07604caa8395cca52e987aa2d950f0370,generic_token,"key:""compo*********************",2025-08-21 23:49:52.55387
182,leetcode.com,https://leetcode.com/static/webpack_bundles/new-libs.10311b540.js,74b05ee07604caa8395cca52e987aa2d950f0370,generic_token,"key:""com****************",2025-08-21 23:49:52.554596
183,leetcode.com,https://leetcode.com/static/webpack_bundles/new-libs.10311b540.js,74b05ee07604caa8395cca52e987aa2d950f0370,generic_token,"key:""getD*********************",2025-08-21 23:49:52.557826
184,leetcode.com,https://leetcode.com/static/webpack_bundles/new-libs.10311b540.js,74b05ee07604caa8395cca52e987aa2d950f0370,generic_token,"key:""co****************",2025-08-21 23:49:52.558446
185,leetcode.com,https://leetcode.com/static/webpack_bundles/new-libs.10311b540.js,74b05ee07604caa8395cca52e987aa2d950f0370,generic_token,"key:""com******************",2025-08-21 23:49:52.558949
186,leetcode.com,https://leetcode.com/static/webpack_bundles/new-libs.10311b540.js,74b05ee07604caa8395cca52e987aa2d950f0370,generic_token,"key:""shou******************",2025-08-21 23:49:52.559769
187,leetcode.com,https://leetcode.com/static/webpack_bundles/new-libs.10311b540.js,74b05ee07604caa8395cca52e987aa2d950f0370,generic_token,"key:""get****************",2025-08-21 23:49:52.56062
188,leetcode.com,https://leetcode.com/static/webpack_bundles/new-libs.10311b540.js,74b05ee07604caa8395cca52e987aa2d950f0370,generic_token,"key:""co****************",2025-08-21 23:49:52.561529
189,leetcode.com,https://leetcode.com/static/webpack_bundles/new-libs.10311b540.js,74b05ee07604caa8395cca52e987aa2d950f0370,generic_token,"key:""com****************",2025-08-21 23:49:52.562189
190,leetcode.com,https://leetcode.com/static/webpack_bundles/new-libs.10311b540.js,74b05ee07604caa8395cca52e987aa2d950f0370,generic_token,"key:""com******************",2025-08-21 23:49:52.562764
191,leetcode.com,https://leetcode.com/static/webpack_bundles/new-libs.10311b540.js,74b05ee07604caa8395cca52e987aa2d950f0370,generic_token,"key:""po***************",2025-08-21 23:49:52.563354
192,leetcode.com,https://leetcode.com/static/webpack_bundles/new-libs.10311b540.js,74b05ee07604caa8395cca52e987aa2d950f0370,generic_token,"key:""trig*******************",2025-08-21 23:49:52.564472
193,leetcode.com,https://leetcode.com/static/webpack_bundles/new-libs.10311b540.js,74b05ee07604caa8395cca52e987aa2d950f0370,generic_token,"key:""isSo*********************",2025-08-21 23:49:52.565025
194,leetcode.com,https://leetcode.com/static/webpack_bundles/new-libs.10311b540.js,74b05ee07604caa8395cca52e987aa2d950f0370,generic_token,"key:""set*****************",2025-08-21 23:49:52.567164
195,leetcode.com,https://leetcode.com/static/webpack_bundles/new-libs.10311b540.js,74b05ee07604caa8395cca52e987aa2d950f0370,generic_token,"key:""co****************",2025-08-21 23:49:52.567908
196,leetcode.com,https://leetcode.com/static/webpack_bundles/new-libs.10311b540.js,74b05ee07604caa8395cca52e987aa2d950f0370,generic_token,"key:""com****************",2025-08-21 23:49:52.568615
197,leetcode.com,https://leetcode.com/static/webpack_bundles/new-libs.10311b540.js,74b05ee07604caa8395cca52e987aa2d950f0370,generic_token,"key:""com******************",2025-08-21 23:49:52.569404
198,leetcode.com,https://leetcode.com/static/webpack_bundles/new-libs.10311b540.js,74b05ee07604caa8395cca52e987aa2d950f0370,generic_token,"key:""can****************",2025-08-21 23:49:52.570199
199,leetcode.com,https://leetcode.com/static/webpack_bundles/new-libs.10311b540.js,74b05ee07604caa8395cca52e987aa2d950f0370,generic_token,"key:""ge****************",2025-08-21 23:49:52.572443
200,leetcode.com,https://leetcode.com/static/webpack_bundles/new-libs.10311b540.js,74b05ee07604caa8395cca52e987aa2d950f0370,generic_token,"key:""co****************",2025-08-21 23:49:52.576506
201,leetcode.com,https://leetcode.com/static/webpack_bundles/new-libs.10311b540.js,74b05ee07604caa8395cca52e987aa2d950f0370,generic_token,"key:""shou******************",2025-08-21 23:49:52.577347
202,leetcode.com,https://leetcode.com/static/webpack_bundles/new-libs.10311b540.js,74b05ee07604caa8395cca52e987aa2d950f0370,generic_token,"key:""com****************",2025-08-21 23:49:52.57811
203,leetcode.com,https://leetcode.com/static/webpack_bundles/new-libs.10311b540.js,74b05ee07604caa8395cca52e987aa2d950f0370,generic_token,"key:""set******************",2025-08-21 23:49:52.57882
204,leetcode.com,https://leetcode.com/static/webpack_bundles/new-libs.10311b540.js,74b05ee07604caa8395cca52e987aa2d950f0370,generic_token,"key:""getD*********************",2025-08-21 23:49:52.579584
205,leetcode.com,https://leetcode.com/static/webpack_bundles/new-libs.10311b540.js,74b05ee07604caa8395cca52e987aa2d950f0370,generic_token,"key:""co****************",2025-08-21 23:49:52.581402
206,leetcode.com,https://leetcode.com/static/webpack_bundles/new-libs.10311b540.js,74b05ee07604caa8395cca52e987aa2d950f0370,generic_token,"key:""shou******************",2025-08-21 23:49:52.582122
207,leetcode.com,https://leetcode.com/static/webpack_bundles/new-libs.10311b540.js,74b05ee07604caa8395cca52e987aa2d950f0370,generic_token,"key:""com******************",2025-08-21 23:49:52.58281
208,leetcode.com,https://leetcode.com/static/webpack_bundles/new-libs.10311b540.js,74b05ee07604caa8395cca52e987aa2d950f0370,generic_token,"key:""get****************",2025-08-21 23:49:52.583501
209,leetcode.com,https://leetcode.com/static/webpack_bundles/new-libs.10311b540.js,74b05ee07604caa8395cca52e987aa2d950f0370,generic_token,"key:""getD******************",2025-08-21 23:49:52.584198
210,leetcode.com,https://leetcode.com/static/webpack_bundles/new-libs.10311b540.js,74b05ee07604caa8395cca52e987aa2d950f0370,generic_token,"key:""co****************",2025-08-21 23:49:52.585681
211,leetcode.com,https://leetcode.com/static/webpack_bundles/new-libs.10311b540.js,74b05ee07604caa8395cca52e987aa2d950f0370,generic_token,"key:""co****************",2025-08-21 23:49:52.586607
212,leetcode.com,https://leetcode.com/static/webpack_bundles/new-libs.10311b540.js,74b05ee07604caa8395cca52e987aa2d950f0370,generic_token,"key:""com******************",2025-08-21 23:49:52.587314
213,leetcode.com,https://leetcode.com/static/webpack_bundles/new-libs.10311b540.js,74b05ee07604caa8395cca52e987aa2d950f0370,generic_token,"key:""getD*********************",2025-08-21 23:49:52.588011
214,leetcode.com,https://leetcode.com/static/webpack_bundles/new-libs.10311b540.js,74b05ee07604caa8395cca52e987aa2d950f0370,generic_token,"key:""getD*********************",2025-08-21 23:49:52.590006
215,leetcode.com,https://leetcode.com/static/webpack_bundles/new-libs.10311b540.js,74b05ee07604caa8395cca52e987aa2d950f0370,generic_token,"key:""co****************",2025-08-21 23:49:52.590693
216,leetcode.com,https://leetcode.com/static/webpack_bundles/new-libs.10311b540.js,74b05ee07604caa8395cca52e987aa2d950f0370,generic_token,"key:""com****************",2025-08-21 23:49:52.591359
217,leetcode.com,https://leetcode.com/static/webpack_bundles/new-libs.10311b540.js,74b05ee07604caa8395cca52e987aa2d950f0370,generic_token,"key:""get****************",2025-08-21 23:49:52.592043
218,leetcode.com,https://leetcode.com/static/webpack_bundles/new-libs.10311b540.js,74b05ee07604caa8395cca52e987aa2d950f0370,generic_token,"key:""co****************",2025-08-21 23:49:52.598886
219,leetcode.com,https://leetcode.com/static/webpack_bundles/new-libs.10311b540.js,74b05ee07604caa8395cca52e987aa2d950f0370,generic_token,"key:""com******************",2025-08-21 23:49:52.599645
220,leetcode.com,https://leetcode.com/static/webpack_bundles/new-libs.10311b540.js,74b05ee07604caa8395cca52e987aa2d950f0370,generic_token,"key:""ge***************",2025-08-21 23:49:52.600367
221,leetcode.com,https://leetcode.com/static/webpack_bundles/new-libs.10311b540.js,74b05ee07604caa8395cca52e987aa2d950f0370,generic_token,"key:""co****************",2025-08-21 23:49:52.602772
222,leetcode.com,https://leetcode.com/static/webpack_bundles/new-libs.10311b540.js,74b05ee07604caa8395cca52e987aa2d950f0370,generic_token,"key:""com****************",2025-08-21 23:49:52.603494
223,leetcode.com,https://leetcode.com/static/webpack_bundles/new-libs.10311b540.js,74b05ee07604caa8395cca52e987aa2d950f0370,generic_token,"key:""com******************",2025-08-21 23:49:52.604169
224,leetcode.com,https://leetcode.com/static/webpack_bundles/new-libs.10311b540.js,74b05ee07604caa8395cca52e987aa2d950f0370,generic_token,"key:""isIt*******************",2025-08-21 23:49:52.605556
225,leetcode.com,https://leetcode.com/static/webpack_bundles/new-libs.10311b540.js,74b05ee07604caa8395cca52e987aa2d950f0370,generic_token,"key:""co****************",2025-08-21 23:49:52.606318
226,leetcode.com,https://leetcode.com/static/webpack_bundles/new-libs.10311b540.js,74b05ee07604caa8395cca52e987aa2d950f0370,generic_token,"key:""com*****************",2025-08-21 23:49:52.606998
227,leetcode.com,https://leetcode.com/static/webpack_bundles/new-libs.10311b540.js,74b05ee07604caa8395cca52e987aa2d950f0370,generic_token,"key:""com****************",2025-08-21 23:49:52.607671
228,leetcode.com,https://leetcode.com/static/webpack_bundles/new-libs.10311b540.js,74b05ee07604caa8395cca52e987aa2d950f0370,generic_token,"key:""com******************",2025-08-21 23:49:52.608331
229,leetcode.com,https://leetcode.com/static/webpack_bundles/new-libs.10311b540.js,74b05ee07604caa8395cca52e987aa2d950f0370,generic_token,"key:""de***************",2025-08-21 23:49:52.60914
230,leetcode.com,https://leetcode.com/static/webpack_bundles/new-libs.10311b540.js,74b05ee07604caa8395cca52e987aa2d950f0370,generic_token,"key:""co****************",2025-08-21 23:49:52.612491
231,leetcode.com,https://leetcode.com/static/webpack_bundles/new-libs.10311b540.js,74b05ee07604caa8395cca52e987aa2d950f0370,generic_token,"key:""com******************",2025-08-21 23:49:52.613233
232,leetcode.com,https://leetcode.com/static/webpack_bundles/new-libs.10311b540.js,74b05ee07604caa8395cca52e987aa2d950f0370,generic_token,"key:""co****************",2025-08-21 23:49:52.614982
233,leetcode.com,https://leetcode.com/static/webpack_bundles/new-libs.10311b540.js,74b05ee07604caa8395cca52e987aa2d950f0370,generic_token,"key:""com******************",2025-08-21 23:49:52.615723
234,leetcode.com,https://leetcode.com/static/webpack_bundles/new-libs.10311b540.js,74b05ee07604caa8395cca52e987aa2d950f0370,generic_token,"key:""co****************",2025-08-21 23:49:52.626116
235,leetcode.com,https://leetcode.com/static/webpack_bundles/new-libs.10311b540.js,74b05ee07604caa8395cca52e987aa2d950f0370,generic_token,"key:""com****************",2025-08-21 23:49:52.626907
236,leetcode.com,https://leetcode.com/static/webpack_bundles/new-libs.10311b540.js,74b05ee07604caa8395cca52e987aa2d950f0370,generic_token,"key:""com******************",2025-08-21 23:49:52.627795
237,leetcode.com,https://leetcode.com/static/webpack_bundles/new-libs.10311b540.js,74b05ee07604caa8395cca52e987aa2d950f0370,generic_token,"key:""star*********************",2025-08-21 23:49:52.628509
238,leetcode.com,https://leetcode.com/static/webpack_bundles/new-libs.10311b540.js,74b05ee07604caa8395cca52e987aa2d950f0370,generic_token,"key:""stop********************",2025-08-21 23:49:52.629198
239,leetcode.com,https://leetcode.com/static/webpack_bundles/new-libs.10311b540.js,74b05ee07604caa8395cca52e987aa2d950f0370,generic_token,"key:""getD*********************",2025-08-21 23:49:52.630366
240,leetcode.com,https://leetcode.com/static/webpack_bundles/new-libs.10311b540.js,74b05ee07604caa8395cca52e987aa2d950f0370,generic_token,"key:""com****************",2025-08-21 23:49:52.631033
241,leetcode.com,https://leetcode.com/static/webpack_bundles/new-libs.10311b540.js,74b05ee07604caa8395cca52e987aa2d950f0370,generic_token,"key:""getS********************",2025-08-21 23:49:52.631703
242,leetcode.com,https://leetcode.com/static/webpack_bundles/new-libs.10311b540.js,74b05ee07604caa8395cca52e987aa2d950f0370,generic_token,"key:""ge****************",2025-08-21 23:49:52.632402
243,leetcode.com,https://leetcode.com/static/webpack_bundles/new-libs.10311b540.js,74b05ee07604caa8395cca52e987aa2d950f0370,generic_token,"key:""ren****************",2025-08-21 23:49:52.633133
244,leetcode.com,https://leetcode.com/static/webpack_bundles/new-libs.10311b540.js,74b05ee07604caa8395cca52e987aa2d950f0370,generic_token,"key:""re****************",2025-08-21 23:49:52.633891
245,leetcode.com,https://leetcode.com/static/webpack_bundles/new-libs.10311b540.js,74b05ee07604caa8395cca52e987aa2d950f0370,generic_token,"key:""co****************",2025-08-21 23:49:52.635622
246,leetcode.com,https://leetcode.com/static/webpack_bundles/new-libs.10311b540.js,74b05ee07604caa8395cca52e987aa2d950f0370,generic_token,"key:""com****************",2025-08-21 23:49:52.636301
247,leetcode.com,https://leetcode.com/static/webpack_bundles/new-libs.10311b540.js,74b05ee07604caa8395cca52e987aa2d950f0370,generic_token,"key:""com******************",2025-08-21 23:49:52.637215
248,leetcode.com,https://leetcode.com/static/webpack_bundles/new-libs.10311b540.js,74b05ee07604caa8395cca52e987aa2d950f0370,generic_token,"key:""shou******************",2025-08-21 23:49:52.638259
249,leetcode.com,https://leetcode.com/static/webpack_bundles/new-libs.10311b540.js,74b05ee07604caa8395cca52e987aa2d950f0370,generic_token,"Key:""de***************",2025-08-21 23:49:52.639517
250,leetcode.com,https://leetcode.com/static/webpack_bundles/new-libs.10311b540.js,74b05ee07604caa8395cca52e987aa2d950f0370,generic_token,"key:""com******************",2025-08-21 23:49:52.640292
251,leetcode.com,https://leetcode.com/static/webpack_bundles/new-libs.10311b540.js,74b05ee07604caa8395cca52e987aa2d950f0370,generic_token,"key:""upda******************",2025-08-21 23:49:52.640974
252,leetcode.com,https://leetcode.com/static/webpack_bundles/new-libs.10311b540.js,74b05ee07604caa8395cca52e987aa2d950f0370,generic_token,"key:""getD*********************",2025-08-21 23:49:52.641763
253,leetcode.com,https://leetcode.com/static/webpack_bundles/new-libs.10311b540.js,74b05ee07604caa8395cca52e987aa2d950f0370,generic_token,"key:""shou******************",2025-08-21 23:49:52.642595
254,leetcode.com,https://leetcode.com/static/webpack_bundles/new-libs.10311b540.js,74b05ee07604caa8395cca52e987aa2d950f0370,generic_token,"Token:""pubccd******************************",2025-08-21 23:49:52.644197
255,leetcode.com,https://leetcode.com/static/webpack_bundles/new-libs.10311b540.js,74b05ee07604caa8395cca52e987aa2d950f0370,generic_token,"key:""co****************",2025-08-21 23:49:52.645303
256,leetcode.com,https://leetcode.com/static/webpack_bundles/new-libs.10311b540.js,74b05ee07604caa8395cca52e987aa2d950f0370,generic_token,"key:""com******************",2025-08-21 23:49:52.646016
257,leetcode.com,https://leetcode.com/static/webpack_bundles/new-libs.10311b540.js,74b05ee07604caa8395cca52e987aa2d950f0370,generic_token,"key:""co****************",2025-08-21 23:49:52.649452
258,leetcode.com,https://leetcode.com/static/webpack_bundles/new-libs.10311b540.js,74b05ee07604caa8395cca52e987aa2d950f0370,generic_token,"key:""com****************",2025-08-21 23:49:52.650169
259,leetcode.com,https://leetcode.com/static/webpack_bundles/new-libs.10311b540.js,74b05ee07604caa8395cca52e987aa2d950f0370,generic_token,"key:""com******************",2025-08-21 23:49:52.650836
260,leetcode.com,https://leetcode.com/static/webpack_bundles/new-libs.10311b540.js,74b05ee07604caa8395cca52e987aa2d950f0370,generic_token,"key:""onC****************",2025-08-21 23:49:52.651503
261,leetcode.com,https://leetcode.com/static/webpack_bundles/new-libs.10311b540.js,74b05ee07604caa8395cca52e987aa2d950f0370,generic_token,"key:""shou******************",2025-08-21 23:49:52.652917
262,leetcode.com,https://leetcode.com/static/webpack_bundles/new-libs.10311b540.js,74b05ee07604caa8395cca52e987aa2d950f0370,generic_token,"key:""shou******************",2025-08-21 23:49:52.655343
263,leetcode.com,https://leetcode.com/static/webpack_bundles/new-libs.10311b540.js,74b05ee07604caa8395cca52e987aa2d950f0370,generic_token,"key:""ma****************",2025-08-21 23:49:52.657718
264,leetcode.com,https://leetcode.com/static/webpack_bundles/new-libs.10311b540.js,74b05ee07604caa8395cca52e987aa2d950f0370,generic_token,"key:""co****************",2025-08-21 23:49:52.658513
265,leetcode.com,https://leetcode.com/static/webpack_bundles/new-libs.10311b540.js,74b05ee07604caa8395cca52e987aa2d950f0370,generic_token,"key:""com****************",2025-08-21 23:49:52.659233
266,leetcode.com,https://leetcode.com/static/webpack_bundles/new-libs.10311b540.js,74b05ee07604caa8395cca52e987aa2d950f0370,generic_token,"key:""com******************",2025-08-21 23:49:52.659939
267,leetcode.com,https://leetcode.com/static/webpack_bundles/new-libs.10311b540.js,74b05ee07604caa8395cca52e987aa2d950f0370,generic_token,"key:""co****************",2025-08-21 23:49:52.661327
268,leetcode.com,https://leetcode.com/static/webpack_bundles/new-libs.10311b540.js,74b05ee07604caa8395cca52e987aa2d950f0370,generic_token,"key:""com****************",2025-08-21 23:49:52.662905
269,leetcode.com,https://leetcode.com/static/webpack_bundles/new-libs.10311b540.js,74b05ee07604caa8395cca52e987aa2d950f0370,generic_token,"key:""com******************",2025-08-21 23:49:52.664187
270,leetcode.com,https://leetcode.com/static/webpack_bundles/new-libs.10311b540.js,74b05ee07604caa8395cca52e987aa2d950f0370,generic_token,"key:""se****************",2025-08-21 23:49:52.664967
271,leetcode.com,https://leetcode.com/static/webpack_bundles/new-libs.10311b540.js,74b05ee07604caa8395cca52e987aa2d950f0370,generic_token,"key:""setSc**********************",2025-08-21 23:49:52.665613
272,leetcode.com,https://leetcode.com/static/webpack_bundles/new-libs.10311b540.js,74b05ee07604caa8395cca52e987aa2d950f0370,generic_token,"key:""ren******************",2025-08-21 23:49:52.666237
273,leetcode.com,https://leetcode.com/static/webpack_bundles/new-libs.10311b540.js,74b05ee07604caa8395cca52e987aa2d950f0370,generic_token,"key:""rend******************",2025-08-21 23:49:52.66693
274,leetcode.com,https://leetcode.com/static/webpack_bundles/new-libs.10311b540.js,74b05ee07604caa8395cca52e987aa2d950f0370,generic_token,"key:""getD*********************",2025-08-21 23:49:52.667588
275,leetcode.com,https://leetcode.com/static/webpack_bundles/new-libs.10311b540.js,74b05ee07604caa8395cca52e987aa2d950f0370,generic_token,"key:""co****************",2025-08-21 23:49:52.668754
276,leetcode.com,https://leetcode.com/static/webpack_bundles/new-libs.10311b540.js,74b05ee07604caa8395cca52e987aa2d950f0370,generic_token,"key:""com****************",2025-08-21 23:49:52.669281
277,leetcode.com,https://leetcode.com/static/webpack_bundles/new-libs.10311b540.js,74b05ee07604caa8395cca52e987aa2d950f0370,generic_token,"key:""com******************",2025-08-21 23:49:52.669788
278,leetcode.com,https://leetcode.com/static/webpack_bundles/new-libs.10311b540.js,74b05ee07604caa8395cca52e987aa2d950f0370,generic_token,"key:""shou******************",2025-08-21 23:49:52.671398
279,leetcode.com,https://leetcode.com/static/webpack_bundles/new-libs.10311b540.js,74b05ee07604caa8395cca52e987aa2d950f0370,generic_token,"key:""appl*******************",2025-08-21 23:49:52.672133
280,leetcode.com,https://leetcode.com/static/webpack_bundles/new-libs.10311b540.js,74b05ee07604caa8395cca52e987aa2d950f0370,generic_token,"key:""get*****************",2025-08-21 23:49:52.673147
281,leetcode.com,https://leetcode.com/static/webpack_bundles/new-libs.10311b540.js,74b05ee07604caa8395cca52e987aa2d950f0370,generic_token,"key:""get******************",2025-08-21 23:49:52.673792
282,leetcode.com,https://leetcode.com/static/webpack_bundles/new-libs.10311b540.js,74b05ee07604caa8395cca52e987aa2d950f0370,generic_token,"key:""ge****************",2025-08-21 23:49:52.674578
283,leetcode.com,https://leetcode.com/static/webpack_bundles/new-libs.10311b540.js,74b05ee07604caa8395cca52e987aa2d950f0370,generic_token,"key:""an***************",2025-08-21 23:49:52.675343
284,leetcode.com,https://leetcode.com/static/webpack_bundles/new-libs.10311b540.js,74b05ee07604caa8395cca52e987aa2d950f0370,generic_token,"key:""ren******************",2025-08-21 23:49:52.676091
285,leetcode.com,https://leetcode.com/static/webpack_bundles/new-libs.10311b540.js,74b05ee07604caa8395cca52e987aa2d950f0370,generic_token,"key:""co****************",2025-08-21 23:49:52.678589
286,leetcode.com,https://leetcode.com/static/webpack_bundles/new-libs.10311b540.js,74b05ee07604caa8395cca52e987aa2d950f0370,generic_token,"key:""com******************",2025-08-21 23:49:52.679391
287,leetcode.com,https://leetcode.com/static/webpack_bundles/new-libs.10311b540.js,74b05ee07604caa8395cca52e987aa2d950f0370,generic_token,"key:""rc-t*********************",2025-08-21 23:49:52.681006
288,leetcode.com,https://leetcode.com/static/webpack_bundles/new-libs.10311b540.js,74b05ee07604caa8395cca52e987aa2d950f0370,generic_token,"key:""rc-ta*********************",2025-08-21 23:49:52.681779
289,leetcode.com,https://leetcode.com/static/webpack_bundles/new-libs.10311b540.js,74b05ee07604caa8395cca52e987aa2d950f0370,generic_token,"key:""com******************",2025-08-21 23:49:52.682473
290,leetcode.com,https://leetcode.com/static/webpack_bundles/new-libs.10311b540.js,74b05ee07604caa8395cca52e987aa2d950f0370,generic_token,"key:""co****************",2025-08-21 23:49:52.683518
291,leetcode.com,https://leetcode.com/static/webpack_bundles/new-libs.10311b540.js,74b05ee07604caa8395cca52e987aa2d950f0370,generic_token,"key:""com****************",2025-08-21 23:49:52.68418
292,leetcode.com,https://leetcode.com/static/webpack_bundles/new-libs.10311b540.js,74b05ee07604caa8395cca52e987aa2d950f0370,generic_token,"key:""com******************",2025-08-21 23:49:52.684869
293,leetcode.com,https://leetcode.com/static/webpack_bundles/new-apps/navbar-footer/index.d0548aebb.js,9a3c5b596add9107a6ea9b2e5cb9ebf44d980caa,generic_token,"key:""har*****************",2025-08-21 23:49:52.781136
294,leetcode.com,https://leetcode.com/static/webpack_bundles/new-apps/navbar-footer/index.d0548aebb.js,9a3c5b596add9107a6ea9b2e5cb9ebf44d980caa,generic_token,"key:""sc***************",2025-08-21 23:49:52.782262
295,leetcode.com,https://leetcode.com/static/webpack_bundles/new-apps/navbar-footer/index.d0548aebb.js,9a3c5b596add9107a6ea9b2e5cb9ebf44d980caa,generic_token,"key:""avail*********************",2025-08-21 23:49:52.783167
296,leetcode.com,https://leetcode.com/static/webpack_bundles/new-apps/navbar-footer/index.d0548aebb.js,9a3c5b596add9107a6ea9b2e5cb9ebf44d980caa,generic_token,"key:""webg*******************",2025-08-21 23:49:52.784059
297,leetcode.com,https://leetcode.com/static/webpack_bundles/new-apps/navbar-footer/index.d0548aebb.js,9a3c5b596add9107a6ea9b2e5cb9ebf44d980caa,generic_token,"key:""ha***************",2025-08-21 23:49:52.784897
298,leetcode.com,https://leetcode.com/static/webpack_bundles/new-apps/navbar-footer/index.d0548aebb.js,9a3c5b596add9107a6ea9b2e5cb9ebf44d980caa,generic_token,"key:""ha****************",2025-08-21 23:49:52.785677
299,leetcode.com,https://leetcode.com/static/webpack_bundles/new-apps/navbar-footer/index.d0548aebb.js,9a3c5b596add9107a6ea9b2e5cb9ebf44d980caa,generic_token,"key:""en***************",2025-08-21 23:49:52.786878
300,leetcode.com,https://leetcode.com/static/webpack_bundles/new-apps/navbar-footer/index.d0548aebb.js,9a3c5b596add9107a6ea9b2e5cb9ebf44d980caa,generic_token,"key:""inter**********************",2025-08-21 23:49:52.805665
301,leetcode.com,https://leetcode.com/static/webpack_bundles/new-apps/navbar-footer/index.d0548aebb.js,9a3c5b596add9107a6ea9b2e5cb9ebf44d980caa,generic_token,"key:""FFF******************",2025-08-21 23:49:52.806794
302,leetcode.com,https://leetcode.com/static/webpack_bundles/new-apps/navbar-footer/index.d0548aebb.js,9a3c5b596add9107a6ea9b2e5cb9ebf44d980caa,generic_token,"token:""FF******************",2025-08-21 23:49:52.807539
303,leetcode.com,https://leetcode.com/static/webpack_bundles/apps/landing_page/index.0532606f5.js,daa04aba47f3f9eb70d26c79377f47bad016000d,generic_token,"key:""har*****************",2025-08-21 23:49:52.872341
304,leetcode.com,https://leetcode.com/static/webpack_bundles/apps/landing_page/index.0532606f5.js,daa04aba47f3f9eb70d26c79377f47bad016000d,generic_token,"key:""sc***************",2025-08-21 23:49:52.873164
305,leetcode.com,https://leetcode.com/static/webpack_bundles/apps/landing_page/index.0532606f5.js,daa04aba47f3f9eb70d26c79377f47bad016000d,generic_token,"key:""avail*********************",2025-08-21 23:49:52.873755
306,leetcode.com,https://leetcode.com/static/webpack_bundles/apps/landing_page/index.0532606f5.js,daa04aba47f3f9eb70d26c79377f47bad016000d,generic_token,"key:""webg*******************",2025-08-21 23:49:52.874497
307,leetcode.com,https://leetcode.com/static/webpack_bundles/apps/landing_page/index.0532606f5.js,daa04aba47f3f9eb70d26c79377f47bad016000d,generic_token,"key:""ha***************",2025-08-21 23:49:52.875091
308,leetcode.com,https://leetcode.com/static/webpack_bundles/apps/landing_page/index.0532606f5.js,daa04aba47f3f9eb70d26c79377f47bad016000d,generic_token,"key:""ha****************",2025-08-21 23:49:52.875681
309,leetcode.com,https://leetcode.com/static/webpack_bundles/apps/landing_page/index.0532606f5.js,daa04aba47f3f9eb70d26c79377f47bad016000d,generic_token,"key:""en***************",2025-08-21 23:49:52.876657
310,leetcode.com,https://leetcode.com/static/webpack_bundles/apps/landing_page/index.0532606f5.js,daa04aba47f3f9eb70d26c79377f47bad016000d,generic_token,"key:""com****************",2025-08-21 23:49:52.884633
311,leetcode.com,https://leetcode.com/static/webpack_bundles/apps/landing_page/index.0532606f5.js,daa04aba47f3f9eb70d26c79377f47bad016000d,generic_token,"key:""co****************",2025-08-21 23:49:52.885145
312,leetcode.com,https://leetcode.com/static/webpack_bundles/apps/landing_page/index.0532606f5.js,daa04aba47f3f9eb70d26c79377f47bad016000d,generic_token,"key:""compo*********************",2025-08-21 23:49:52.885706
313,leetcode.com,https://leetcode.com/static/webpack_bundles/apps/landing_page/index.0532606f5.js,daa04aba47f3f9eb70d26c79377f47bad016000d,generic_token,"key:""com****************",2025-08-21 23:49:52.886277
314,leetcode.com,https://leetcode.com/static/webpack_bundles/apps/landing_page/index.0532606f5.js,daa04aba47f3f9eb70d26c79377f47bad016000d,generic_token,"key:""com******************",2025-08-21 23:49:52.886778
315,leetcode.com,https://leetcode.com/static/webpack_bundles/apps/landing_page/index.0532606f5.js,daa04aba47f3f9eb70d26c79377f47bad016000d,generic_token,"key:""_fin********************",2025-08-21 23:49:52.887267
